"last_name, first_name","player_id","year","r_total_stolen_base","r_caught_stealing_2b","r_caught_stealing_3b","r_caught_stealing_home","r_defensive_indiff","r_interference","r_pickoff_1b","r_pickoff_2b","r_pickoff_3b","r_stolen_base_2b","r_stolen_base_3b","r_stolen_base_home","r_stolen_base_pct","r_total_pickoff"
"Taylor, Beau",607333,2019,"0","0","0","0","0","0","0","0","0","0","0","0",,"0"
"Rickard, Joey",572073,2019,"4","1","1","0","0","0","0","0","0","4","0","0",,"0"
"Haniger, Mitch",571745,2019,"4","0","0","0","0","0","2","0","0","4","0","0",,"2"
"Eickhoff, Jerad",595191,2019,"0","0","0","0","0","0","0","0","0","0","0","0",,"0"
"McCann, James",543510,2019,"4","0","1","0","0","0","1","0","0","4","0","0",,"1"
"Ward, Taylor",621493,2019,"0","0","0","0","0","0","0","0","0","0","0","0",,"0"
"Rondon, José",602922,2019,"0","0","0","0","0","0","0","0","0","0","0","0",,"0"
"Knapp, Andrew",595284,2019,"0","0","0","0","1","0","0","0","0","0","0","0",,"0"
"Negrón, Kristopher",502117,2019,"1","1","0","0","0","0","0","0","0","1","0","0",,"0"
"Kang, Jung Ho",628356,2019,"0","0","0","0","0","0","0","0","0","0","0","0",,"0"
"Skole, Matt",605474,2019,"0","0","0","0","0","0","0","0","0","0","0","0",,"0"
"Belt, Brandon",474832,2019,"4","3","0","0","0","0","0","0","0","4","0","0",,"0"
"Williams, Mason",592863,2019,"1","0","0","0","0","0","0","0","0","1","0","0",,"0"
"Peralta, David",444482,2019,"0","0","0","0","1","0","0","0","0","0","0","0",,"0"
"Vázquez, Christian",543877,2019,"4","2","0","0","0","0","1","0","0","2","2","0",,"1"
"Soler, Jorge",624585,2019,"3","0","0","1","3","0","0","0","0","3","0","0",,"0"
"Murphy, Tom",608596,2019,"2","0","0","0","1","0","0","0","0","1","1","0",,"0"
"Rengifo, Luis",650859,2019,"2","5","0","0","0","0","1","0","1","1","1","0",,"2"
"Correa, Carlos",621043,2019,"1","0","0","0","0","0","1","0","0","1","0","0",,"1"
"Tulowitzki, Troy",453064,2019,"0","0","0","0","0","0","0","0","0","0","0","0",,"0"
"Harper, Bryce",547180,2019,"15","2","0","1","0","0","0","0","0","14","1","0",,"0"
"Anderson, Tim",641313,2019,"17","3","2","0","1","0","2","1","0","15","2","0",,"3"
"Goodwin, Brian",571718,2019,"7","3","0","0","0","0","2","1","0","7","0","0",,"3"
"Adames, Willy",642715,2019,"4","2","0","0","0","0","1","1","0","3","0","1",,"2"
"Harrison, Josh",543281,2019,"4","2","0","0","0","0","0","0","0","3","1","0",,"0"
"Murphy, Sean",669221,2019,"0","0","0","0","0","0","0","0","0","0","0","0",,"0"
"Lowe, Brandon",664040,2019,"5","0","0","0","1","0","0","0","0","5","0","0",,"0"
"Iglesias, Jose",578428,2019,"6","6","0","0","3","0","5","0","0","6","0","0",,"5"
"Solarte, Yangervis",500208,2019,"0","0","0","0","0","0","0","0","0","0","0","0",,"0"
"Gurriel Jr., Lourdes",666971,2019,"6","3","1","0","0","0","0","0","0","3","2","1",,"0"
"McKinney, Billy",641856,2019,"0","1","0","1","0","0","0","0","1","0","0","0",,"1"
"Gerber, Mike",595222,2019,"0","0","0","0","0","0","0","0","0","0","0","0",,"0"
"Choi, Ji Man",596847,2019,"2","3","0","0","0","0","1","1","0","2","0","0",,"2"
"Fried, Max",608331,2019,"0","0","0","0","0","0","0","0","0","0","0","0",,"0"
"Valaika, Pat",642162,2019,"0","0","0","0","0","0","0","0","0","0","0","0",,"0"
"Cron, Kevin",605196,2019,"0","1","0","0","0","0","0","0","0","0","0","0",,"0"
"Segura, Jean",516416,2019,"10","2","0","0","0","0","0","0","0","9","1","0",,"0"
"Hundley, Nick",460026,2019,"0","1","0","0","0","0","0","0","0","0","0","0",,"0"
"Mikolas, Miles",571945,2019,"0","0","0","0","0","0","0","0","0","0","0","0",,"0"
"Quintana, Jose",500779,2019,"0","0","0","0","0","0","0","0","0","0","0","0",,"0"
"Santana, Domingo",570267,2019,"8","3","0","0","0","0","1","0","0","8","0","0",,"1"
"Herrera, Rosell",594011,2019,"4","1","0","0","0","0","0","0","0","4","0","0",,"0"
"Kingery, Scott",664068,2019,"15","3","0","1","2","0","1","0","0","12","3","0",,"1"
"Ervin, Phillip",640447,2019,"4","3","0","0","0","0","1","0","0","4","0","0",,"1"
"Teheran, Julio",527054,2019,"0","0","0","0","0","0","0","0","0","0","0","0",,"0"
"Escobar, Eduardo",500871,2019,"5","1","0","0","1","0","0","0","0","4","0","1",,"0"
"Riddle, JT",595375,2019,"0","0","0","0","0","0","0","0","0","0","0","0",,"0"
"Andujar, Miguel",609280,2019,"0","0","0","0","0","0","0","0","0","0","0","0",,"0"
"Shuck, JB",543776,2019,"1","1","0","0","0","0","1","0","0","1","0","0",,"1"
"Tucker, Cole",657061,2019,"0","0","0","0","0","0","0","0","0","0","0","0",,"0"
"Bell, Josh",605137,2019,"0","1","0","0","0","0","1","0","0","0","0","0",,"1"
"Altherr, Aaron",571437,2019,"0","0","0","0","0","0","0","0","0","0","0","0",,"0"
"Difo, Wilmer",594694,2019,"0","1","0","0","0","0","0","1","0","0","0","0",,"1"
"Godley, Zack",643327,2019,"0","0","0","0","0","0","0","0","0","0","0","0",,"0"
"Wendle, Joey",621563,2019,"8","3","0","0","1","0","1","0","1","7","1","0",,"2"
"Solak, Nick",669256,2019,"2","0","0","0","0","0","0","0","0","2","0","0",,"0"
"Kipnis, Jason",543401,2019,"7","2","0","0","0","0","1","0","0","7","0","0",,"1"
"Weaver, Luke",596133,2019,"0","0","0","0","0","0","0","0","0","0","0","0",,"0"
"Vargas, Ildemaro",545121,2019,"1","0","0","0","1","0","0","0","0","1","0","0",,"0"
"Daza, Yonathan",602074,2019,"1","0","0","0","0","0","0","0","0","1","0","0",,"0"
"Jones, JaCoby",592444,2019,"7","2","0","0","5","0","2","0","0","7","0","0",,"2"
"León, Sandy",506702,2019,"0","0","0","0","1","0","0","0","0","0","0","0",,"0"
"Goldschmidt, Paul",502671,2019,"3","1","0","0","0","0","0","1","0","2","1","0",,"1"
"Buxton, Byron",621439,2019,"14","3","0","0","1","0","0","1","0","14","0","0",,"1"
"Hilliard, Sam",656541,2019,"2","0","0","0","0","0","0","0","0","1","1","0",,"0"
"Franco, Maikel",596748,2019,"0","0","0","0","0","0","0","0","0","0","0","0",,"0"
"Quinn, Roman",596451,2019,"8","0","0","0","0","0","0","0","0","6","1","1",,"0"
"Gallen, Zac",668678,2019,"0","0","0","0","0","0","0","0","0","0","0","0",,"0"
"Desmond, Ian",435622,2019,"3","3","0","0","4","0","2","0","0","3","0","0",,"2"
"Stroman, Marcus",573186,2019,"0","0","0","0","0","0","0","0","0","0","0","0",,"0"
"Read, Raudy",600466,2019,"0","0","0","0","0","0","0","0","0","0","0","0",,"0"
"Nimmo, Brandon",607043,2019,"3","0","0","0","0","0","0","0","0","3","0","0",,"0"
"Leake, Mike",502190,2019,"0","0","0","0","0","0","0","0","0","0","0","0",,"0"
"Flaherty, Ryan",475247,2019,"0","0","0","0","0","0","0","0","0","0","0","0",,"0"
"Smith, Kevan",607345,2019,"2","0","0","0","0","0","0","0","0","2","0","0",,"0"
"Soroka, Michael",647336,2019,"0","0","0","0","0","0","0","0","0","0","0","0",,"0"
"Pearce, Steve",456665,2019,"0","0","0","0","0","0","0","0","0","0","0","0",,"0"
"Archer, Chris",502042,2019,"0","0","0","0","0","0","0","0","0","0","0","0",,"0"
"Rivera, René",425784,2019,"0","0","0","0","0","0","0","0","0","0","0","0",,"0"
"Lin, Tzu-Wei",624407,2019,"1","1","0","0","0","0","0","0","0","1","0","0",,"0"
"Hicks, John",543308,2019,"1","1","0","0","5","0","0","0","0","1","0","0",,"0"
"Guerrero Jr., Vladimir",665489,2019,"0","1","0","0","0","0","0","0","0","0","0","0",,"0"
"Ureña, José",570632,2019,"0","0","0","0","0","0","0","0","0","0","0","0",,"0"
"Cain, Lorenzo",456715,2019,"18","5","3","0","1","0","0","0","1","15","3","0",,"1"
"Swihart, Blake",596119,2019,"0","0","0","0","0","0","0","0","0","0","0","0",,"0"
"Gallagher, Cam",595956,2019,"0","0","1","0","0","0","0","1","0","0","0","0",,"1"
"Díaz, Elias",553869,2019,"0","0","0","0","0","0","0","0","0","0","0","0",,"0"
"Maybin, Cameron",457727,2019,"9","6","0","0","0","0","2","0","0","7","2","0",,"2"
"Davis, J.D.",605204,2019,"3","0","0","0","0","0","0","0","0","3","0","0",,"0"
"Hays, Austin",669720,2019,"2","0","0","0","0","0","0","0","0","2","0","0",,"0"
"Hamels, Cole",430935,2019,"0","0","0","0","0","0","0","0","0","0","0","0",,"0"
"Herrmann, Chris",543302,2019,"0","0","0","0","0","0","0","0","0","0","0","0",,"0"
"Woodruff, Brandon",605540,2019,"0","0","0","0","0","0","0","0","0","0","0","0",,"0"
"Ford, Mike",645801,2019,"0","0","0","0","0","0","0","0","0","0","0","0",,"0"
"Ahmed, Nick",605113,2019,"8","1","0","1","2","0","0","1","0","8","0","0",,"1"
"Grisham, Trent",663757,2019,"1","0","0","0","0","0","0","0","0","1","0","0",,"0"
"Davis, Khris",501981,2019,"0","0","0","0","0","0","0","0","0","0","0","0",,"0"
"Muncy, Max",571970,2019,"4","1","0","0","0","0","1","0","0","4","0","0",,"1"
"May, Dustin",669160,2019,"0","0","0","0","0","0","0","0","0","0","0","0",,"0"
"Bradley, Bobby",656252,2019,"0","0","0","0","0","0","0","0","0","0","0","0",,"0"
"Vogelbach, Daniel",596129,2019,"0","0","0","0","0","0","0","0","0","0","0","0",,"0"
"Díaz, Yandy",650490,2019,"2","1","1","0","0","0","0","0","0","2","0","0",,"0"
"Crawford, J.P.",641487,2019,"5","3","0","0","0","0","0","0","0","4","1","0",,"0"
"Voit III, Luke",572228,2019,"0","0","0","0","0","0","0","0","0","0","0","0",,"0"
"Cabrera, Asdrúbal",452678,2019,"4","0","0","0","0","0","0","0","0","4","0","0",,"0"
"Murphy, John Ryan",571974,2019,"0","0","0","0","0","0","0","0","0","0","0","0",,"0"
"Stanton, Giancarlo",519317,2019,"0","0","0","0","0","0","0","0","0","0","0","0",,"0"
"Velasquez, Vince",592826,2019,"0","0","0","0","0","0","0","0","0","0","0","0",,"0"
"Castro, Harold",605612,2019,"4","2","0","0","3","0","0","0","0","4","0","0",,"0"
"Chang, Yu",644374,2019,"0","0","0","0","0","0","0","0","0","0","0","0",,"0"
"Bregman, Alex",608324,2019,"5","1","0","0","0","0","1","0","0","4","0","1",,"1"
"Tapia, Raimel",606132,2019,"9","3","0","0","2","0","1","0","0","8","1","0",,"1"
"Yamamoto, Jordan",657141,2019,"0","0","0","0","0","0","0","0","0","0","0","0",,"0"
"Merrifield, Whit",593160,2019,"20","10","0","0","2","0","2","0","0","14","6","0",,"2"
"Velazquez, Andrew",623205,2019,"1","0","0","0","0","0","0","0","0","1","0","0",,"0"
"Peraza, José",606299,2019,"7","5","0","1","2","0","4","0","1","5","2","0",,"5"
"Rios, Edwin",621458,2019,"0","0","0","0","0","0","0","0","0","0","0","0",,"0"
"González, Carlos",471865,2019,"0","2","0","1","0","0","0","0","0","0","0","0",,"0"
"Engel, Adam",641553,2019,"3","3","0","0","0","0","1","0","1","2","1","0",,"2"
"Hernández, Teoscar",606192,2019,"6","2","1","0","0","0","1","1","0","5","1","0",,"2"
"Fletcher, David",664058,2019,"8","2","1","0","0","0","0","0","0","8","0","0",,"0"
"Dozier, Hunter",641531,2019,"2","1","1","0","1","0","0","0","0","1","1","0",,"0"
"Bichette, Bo",666182,2019,"4","3","1","0","0","0","1","0","0","2","2","0",,"1"
"Galloway, Isaac",543194,2019,"2","0","0","0","0","0","0","0","0","2","0","0",,"0"
"Pérez, Hernán",541650,2019,"5","1","0","0","1","0","0","0","0","3","2","0",,"0"
"O'Brien, Peter",598284,2019,"1","0","0","0","0","0","0","0","0","1","0","0",,"0"
"Rojas, Miguel",500743,2019,"9","3","1","1","0","0","2","0","0","8","1","0",,"2"
"Freese, David",501896,2019,"0","0","0","0","1","0","0","0","0","0","0","0",,"0"
"Ravelo, Rangel",592660,2019,"0","0","0","0","0","0","0","0","0","0","0","0",,"0"
"Villar, Jonathan",542340,2019,"40","6","4","0","1","0","3","3","0","33","6","1",,"6"
"Pederson, Joc",592626,2019,"1","1","0","0","1","0","0","0","0","1","0","0",,"0"
"d'Arnaud, Travis",518595,2019,"0","1","0","0","1","0","0","0","0","0","0","0",,"0"
"Sánchez, Aníbal",434671,2019,"0","0","0","0","0","0","0","0","0","0","0","0",,"0"
"Stripling, Ross",548389,2019,"0","0","0","0","0","0","0","0","0","0","0","0",,"0"
"Walker, Christian",572233,2019,"8","1","0","0","1","0","1","0","0","8","0","0",,"1"
"Ramos, Wilson",467092,2019,"1","0","0","0","0","0","0","0","0","1","0","0",,"0"
"Hernández, Enrique",571771,2019,"4","0","0","0","0","0","1","0","0","2","2","0",,"1"
"Yelich, Christian",592885,2019,"30","1","0","1","3","0","0","0","0","23","7","0",,"0"
"Kieboom, Carter",666198,2019,"0","0","0","0","0","0","0","0","0","0","0","0",,"0"
"Mathis, Jeff",425772,2019,"1","0","0","0","0","0","0","0","0","1","0","0",,"0"
"Davis, Jaylin",664041,2019,"1","2","0","0","0","0","0","0","0","1","0","0",,"0"
"Gray, Jon",592351,2019,"0","0","0","0","0","0","0","0","0","0","0","0",,"0"
"Samardzija, Jeff",502188,2019,"0","0","0","0","0","0","0","0","0","0","0","0",,"0"
"Bradley Jr., Jackie",598265,2019,"8","5","1","0","1","0","1","1","0","7","1","0",,"2"
"Richards, Trevor",670950,2019,"0","0","0","0","0","0","0","0","0","0","0","0",,"0"
"Granderson, Curtis",434158,2019,"0","2","0","1","1","0","0","0","0","0","0","0",,"0"
"Hermosillo, Michael",641684,2019,"2","0","0","0","0","0","0","0","0","2","0","0",,"0"
"Moreland, Mitch",519048,2019,"1","0","0","0","0","0","0","0","0","1","0","0",,"0"
"Posey III, Buster",457763,2019,"0","0","0","0","0","0","0","0","0","0","0","0",,"0"
"Choo, Shin-Soo",425783,2019,"15","1","0","0","0","0","1","0","0","9","6","0",,"1"
"Demeritte, Travis",641513,2019,"3","0","0","0","1","0","0","0","0","3","0","0",,"0"
"Castro, Jason",488771,2019,"0","0","0","0","0","0","0","0","0","0","0","0",,"0"
"Syndergaard, Noah",592789,2019,"0","0","0","0","0","0","0","1","0","0","0","0",,"1"
"Moustakas, Mike",519058,2019,"3","0","0","0","0","0","0","0","0","3","0","0",,"0"
"Arteaga, Humberto",600858,2019,"1","0","1","0","0","0","0","1","0","0","1","0",,"1"
"Tellez, Rowdy",642133,2019,"1","1","0","0","0","0","0","0","0","1","0","0",,"0"
"Reyes, Pablo",622569,2019,"1","1","0","0","0","0","1","0","0","1","0","0",,"1"
"Reynolds, Mark",448602,2019,"2","0","0","0","0","0","0","0","0","2","0","0",,"0"
"Olson, Matt",621566,2019,"0","0","0","0","0","0","0","0","0","0","0","0",,"0"
"Bader, Harrison",664056,2019,"11","2","1","0","0","0","1","0","0","7","4","0",,"1"
"Santander, Anthony",623993,2019,"1","2","0","0","0","0","1","0","0","1","0","0",,"1"
"Castro, Willi",650489,2019,"0","1","0","0","0","0","1","0","0","0","0","0",,"1"
"Suzuki, Kurt",435559,2019,"0","1","0","0","1","0","0","0","0","0","0","0",,"0"
"Wilkerson, Stevie",592859,2019,"3","3","0","0","2","0","0","0","0","3","0","0",,"0"
"Sosa, Edmundo",624641,2019,"1","0","0","0","0","0","0","0","0","1","0","0",,"0"
"Anderson, Brian",605119,2019,"5","1","0","0","0","0","0","0","0","5","0","0",,"0"
"Kelly, Merrill",518876,2019,"0","0","0","0","0","0","0","0","0","0","0","0",,"0"
"Drury, Brandon",592273,2019,"0","1","0","0","1","0","0","0","0","0","0","0",,"0"
"Arrieta, Jake",453562,2019,"0","0","0","0","0","0","0","0","0","0","0","0",,"0"
"Healy, Ryon",592387,2019,"0","0","0","0","0","0","0","0","0","0","0","0",,"0"
"Alonso, Pete",624413,2019,"1","0","0","0","1","0","1","0","0","1","0","0",,"1"
"Schwindel, Frank",643524,2019,"0","0","0","0","0","0","0","0","0","0","0","0",,"0"
"Wolters, Tony",547172,2019,"0","1","0","0","3","0","2","0","0","0","0","0",,"2"
"Calhoun, Kole",594777,2019,"4","1","0","0","0","0","0","0","0","4","0","0",,"0"
"Sogard, Eric",519299,2019,"8","0","0","0","0","0","1","1","0","6","2","0",,"2"
"Greiner, Grayson",606988,2019,"0","0","0","0","1","0","0","0","0","0","0","0",,"0"
"Barnes, Austin",605131,2019,"3","0","0","0","1","0","0","0","0","2","0","1",,"0"
"Young, Alex",622065,2019,"0","0","0","0","0","0","0","0","0","0","0","0",,"0"
"Martin Jr., Richie",621006,2019,"10","1","0","0","3","0","1","0","0","9","1","0",,"1"
"Almonte, Abraham",501659,2019,"0","0","0","0","0","0","0","0","0","0","0","0",,"0"
"Haseley, Adam",656514,2019,"4","0","0","0","0","0","0","0","0","4","0","0",,"0"
"Profar, Jurickson",595777,2019,"9","1","0","0","0","0","0","0","0","9","0","0",,"0"
"Davis, Taylor",543089,2019,"0","0","0","0","0","0","0","0","0","0","0","0",,"0"
"Goodrum, Niko",592348,2019,"12","3","0","0","2","0","0","0","0","10","2","0",,"0"
"Stallings, Jacob",607732,2019,"0","0","0","0","0","0","0","0","0","0","0","0",,"0"
"Hernández, Elieser",622694,2019,"0","0","0","0","0","0","0","0","0","0","0","0",,"0"
"Inciarte, Ender",542255,2019,"7","1","0","0","1","0","0","0","0","7","0","0",,"0"
"Rizzo, Anthony",519203,2019,"5","0","0","2","6","0","0","0","1","5","0","0",,"1"
"Reyes, Victor",622682,2019,"9","3","0","0","0","0","1","0","0","9","0","0",,"1"
"Miller, Ian",641878,2019,"0","0","0","0","0","0","0","0","0","0","0","0",,"0"
"Stewart, Christin",621514,2019,"0","1","0","0","0","0","0","0","0","0","0","0",,"0"
"Garneau, Dustin",572863,2019,"0","0","0","0","0","0","0","0","0","0","0","0",,"0"
"Canha, Mark",592192,2019,"3","2","0","0","2","0","1","0","0","2","1","0",,"1"
"Solano, Donovan",456781,2019,"0","1","0","0","1","0","1","0","0","0","0","0",,"1"
"Winker, Jesse",608385,2019,"0","2","0","0","1","0","0","0","1","0","0","0",,"1"
"Realmuto, J.T.",592663,2019,"9","1","0","0","2","0","0","0","0","7","2","0",,"0"
"Long Jr., Shed",643418,2019,"3","3","0","0","0","0","1","0","0","3","0","0",,"1"
"Ryu, Hyun Jin",547943,2019,"0","0","0","0","0","0","0","0","0","0","0","0",,"0"
"Mercer, Jordy",474568,2019,"0","0","0","0","0","0","0","0","0","0","0","0",,"0"
"Slater, Austin",596103,2019,"1","0","0","0","1","0","0","0","0","1","0","0",,"0"
"Quantrill, Cal",615698,2019,"0","1","0","0","0","0","0","0","0","0","0","0",,"0"
"Mejía, Francisco",642336,2019,"1","1","0","0","1","0","0","1","0","1","0","0",,"1"
"Stewart, DJ",621466,2019,"1","2","0","0","0","0","1","0","0","1","0","0",,"1"
"Reed, AJ",607223,2019,"0","0","0","0","0","0","0","0","0","0","0","0",,"0"
"Guillorme, Luis",641645,2019,"0","0","0","0","0","0","1","0","0","0","0","0",,"1"
"Tilson, Charlie",605508,2019,"4","0","0","0","0","0","0","0","0","4","0","0",,"0"
"Tovar, Wilfredo",541600,2019,"0","0","0","0","0","0","0","0","0","0","0","0",,"0"
"Paddack, Chris",663978,2019,"0","0","0","0","0","0","0","0","0","0","0","0",,"0"
"Contreras, Willson",575929,2019,"1","1","0","1","0","0","0","0","0","1","0","0",,"0"
"Broxton, Keon",542979,2019,"10","6","0","0","1","0","2","0","0","9","1","0",,"2"
"Pérez, Roberto",547379,2019,"0","0","0","0","0","0","0","0","0","0","0","0",,"0"
"Hanson, Alen",593700,2019,"1","0","0","0","0","0","0","0","0","0","1","0",,"0"
"Davis, Rajai",434658,2019,"0","1","0","0","0","0","0","0","0","0","0","0",,"0"
"Moran, Colin",592567,2019,"0","1","0","0","0","0","0","0","0","0","0","0",,"0"
"Schebler, Scott",594988,2019,"0","1","0","0","0","0","0","0","0","0","0","0",,"0"
"Austin, Tyler",592122,2019,"2","0","0","0","0","0","0","0","0","2","0","0",,"0"
"Anderson, Chase",502624,2019,"0","0","0","0","0","0","0","0","0","0","0","0",,"0"
"Foltynewicz, Mike",592314,2019,"0","0","0","0","0","0","0","0","0","0","0","0",,"0"
"Delmonico, Nicky",547170,2019,"0","1","0","0","0","0","0","0","0","0","0","0",,"0"
"Pedroia, Dustin",456030,2019,"0","0","0","0","0","0","0","0","0","0","0","0",,"0"
"Court, Ryan",606956,2019,"0","0","0","0","0","0","0","0","0","0","0","0",,"0"
"Wallach, Chad",595453,2019,"0","0","0","0","0","0","0","0","0","0","0","0",,"0"
"Grandal, Yasmani",518735,2019,"5","0","1","0","0","0","2","0","0","5","0","0",,"2"
"Blackmon, Charlie",453568,2019,"2","5","0","0","1","0","1","0","0","2","0","0",,"1"
"Mazara, Nomar",608577,2019,"4","1","0","0","0","0","0","0","0","3","1","0",,"0"
"Lucchesi, Joey",664192,2019,"0","0","0","0","0","0","0","0","0","0","0","0",,"0"
"Mahle, Tyler",641816,2019,"0","0","0","0","0","0","0","0","0","0","0","0",,"0"
"Freeman, Freddie",518692,2019,"6","3","0","0","0","0","0","0","0","6","0","0",,"0"
"Castillo, Welington",456078,2019,"0","0","0","0","0","0","0","0","0","0","0","0",,"0"
"Rosario, Amed",642708,2019,"19","9","1","0","2","0","2","0","0","16","3","0",,"2"
"Taylor, Tyrone",621438,2019,"0","0","0","0","0","0","0","0","0","0","0","0",,"0"
"Wong, Kean",642221,2019,"0","1","0","0","0","0","0","0","0","0","0","0",,"0"
"Haase, Eric",606992,2019,"0","0","0","0","0","0","0","0","0","0","0","0",,"0"
"O'Grady, Brian",657434,2019,"0","0","0","0","0","0","0","0","0","0","0","0",,"0"
"Joseph, Caleb",543376,2019,"0","0","0","0","0","0","0","0","0","0","0","0",,"0"
"Arroyo, Christian",624414,2019,"0","0","0","0","0","0","0","0","0","0","0","0",,"0"
"Seager, Corey",608369,2019,"1","0","0","0","0","0","0","0","0","1","0","0",,"0"
"Hicks, Aaron",543305,2019,"1","1","0","1","0","0","1","0","0","0","1","0",,"1"
"Acuña Jr., Ronald",660670,2019,"37","9","0","0","0","0","3","0","0","33","4","0",,"3"
"González, Erik",570481,2019,"4","1","0","0","0","0","0","0","0","3","1","0",,"0"
"Hoskins, Rhys",656555,2019,"2","2","0","0","2","0","0","0","0","0","2","0",,"0"
"Scherzer, Max",453286,2019,"2","0","0","0","0","0","0","0","0","2","0","0",,"0"
"Alberto, Hanser",593643,2019,"4","4","0","0","1","0","2","0","0","4","0","0",,"2"
"Camargo, Johan",622666,2019,"1","0","0","0","0","0","0","0","0","1","0","0",,"0"
"Kiner-Falefa, Isiah",643396,2019,"3","0","0","0","0","0","0","0","0","3","0","0",,"0"
"Kepler, Max",596146,2019,"1","5","0","0","0","0","2","0","0","1","0","0",,"2"
"Beaty, Matt",607461,2019,"5","0","0","0","1","0","0","1","0","5","0","0",,"1"
"Jay, Jon",445055,2019,"0","0","0","0","0","0","0","0","0","0","0","0",,"0"
"Mejia, Erick",625510,2019,"0","0","0","0","0","0","0","0","0","0","0","0",,"0"
"Lauer, Eric",641778,2019,"0","0","0","0","0","0","0","0","0","0","0","0",,"0"
"Dozier, Brian",572821,2019,"3","3","1","0","0","0","0","0","0","1","2","0",,"0"
"Beckham, Gordon",493596,2019,"3","1","0","0","2","0","1","0","0","3","0","0",,"1"
"Bogaerts, Xander",593428,2019,"4","2","0","0","0","0","1","0","0","3","1","0",,"1"
"Encarnación, Edwin",429665,2019,"0","1","0","0","0","0","0","0","0","0","0","0",,"0"
"Lester, Jon",452657,2019,"0","0","0","0","0","0","0","0","0","0","0","0",,"0"
"Meadows, Austin",640457,2019,"12","6","0","1","0","0","0","0","0","11","0","1",,"0"
"Smith, Caleb",592761,2019,"0","0","0","0","0","0","0","0","0","0","0","0",,"0"
"Dickerson, Alex",543105,2019,"1","0","0","1","0","0","0","0","0","1","0","0",,"0"
"Moroff, Max",621559,2019,"1","0","0","0","0","0","0","0","0","1","0","0",,"0"
"Jankowski, Travis",608671,2019,"2","2","0","0","0","0","0","0","0","2","0","0",,"0"
"Davies, Zach",605200,2019,"0","0","0","0","0","0","0","0","0","0","0","0",,"0"
"Melville, Tim",543532,2019,"0","0","0","0","0","0","0","0","0","0","0","0",,"0"
"Sánchez, Yolmer",570560,2019,"5","3","1","0","1","0","1","1","0","3","2","0",,"2"
"Joe, Connor",656582,2019,"0","0","0","0","0","0","0","0","0","0","0","0",,"0"
"Alfaro, Jorge",595751,2019,"4","4","0","0","2","0","1","1","0","4","0","0",,"2"
"Rodgers, Brendan",663898,2019,"0","0","0","0","0","0","0","0","1","0","0","0",,"1"
"Herrera, Odúbel",546318,2019,"2","2","0","0","0","0","0","0","0","2","0","0",,"0"
"Nola, Aaron",605400,2019,"0","0","0","0","0","0","0","0","0","0","0","0",,"0"
"Pillar, Kevin",607680,2019,"14","5","0","0","1","0","3","0","0","13","1","0",,"3"
"O'Hearn, Ryan",656811,2019,"0","1","0","0","0","0","0","1","0","0","0","0",,"1"
"Hernández, Gorkys",491676,2019,"1","0","0","0","0","0","0","0","0","1","0","0",,"0"
"Allen, Greg",656185,2019,"8","2","0","0","0","0","0","0","0","8","0","0",,"0"
"Gardner, Brett",458731,2019,"10","2","0","0","0","0","2","0","0","10","0","0",,"2"
"Bettis, Chad",518452,2019,"0","0","0","0","0","0","0","0","0","0","0","0",,"0"
"Smoak, Justin",475253,2019,"0","0","0","0","0","0","0","0","0","0","0","0",,"0"
"Sanó, Miguel",593934,2019,"0","1","0","0","0","0","0","0","0","0","0","0",,"0"
"Moncada, Yoán",660162,2019,"10","3","0","0","1","0","2","0","0","9","1","0",,"2"
"Arenado, Nolan",571448,2019,"3","2","0","0","0","0","0","0","0","3","0","0",,"0"
"Soto, Juan",665742,2019,"12","1","0","0","3","0","0","0","0","10","2","0",,"0"
"Stassi, Max",545358,2019,"0","0","0","0","0","0","0","0","0","0","0","0",,"0"
"Fisher, Derek",605233,2019,"5","1","0","0","0","0","1","0","0","5","0","0",,"1"
"Turner, Justin",457759,2019,"2","0","0","0","3","0","0","0","0","2","0","0",,"0"
"Puig, Yasiel",624577,2019,"19","5","2","0","0","0","3","0","0","15","4","0",,"3"
"Saladino, Tyler",573135,2019,"2","0","0","0","0","0","0","0","0","2","0","0",,"0"
"Gomes, Yan",543228,2019,"2","0","0","0","0","0","0","0","0","2","0","0",,"0"
"Garver, Mitch",641598,2019,"0","0","0","0","0","0","0","0","1","0","0","0",,"1"
"Newman, Kevin",621028,2019,"16","8","0","0","1","0","2","0","0","15","1","0",,"2"
"Clarke, Taylor",664199,2019,"0","0","0","0","0","0","0","0","0","0","0","0",,"0"
"Votto, Joey",458015,2019,"5","0","0","0","1","0","0","0","0","5","0","0",,"0"
"Alonso, Yonder",475174,2019,"0","1","0","0","1","0","0","0","0","0","0","0",,"0"
"Brault, Steven",643230,2019,"0","0","0","0","0","0","0","0","0","0","0","0",,"0"
"McBroom, Ryan",643436,2019,"0","0","0","0","0","0","0","0","0","0","0","0",,"0"
"Naylor, Josh",647304,2019,"1","1","0","0","1","0","0","0","0","1","0","0",,"0"
"Goins, Ryan",572365,2019,"0","1","0","0","1","0","1","0","0","0","0","0",,"1"
"Mahtook, Mikie",543484,2019,"0","0","0","0","0","0","0","0","0","0","0","0",,"0"
"Smith, Mallex",605480,2019,"46","9","0","0","2","0","6","1","0","38","7","1",,"7"
"Brito, Sócrates",593647,2019,"0","0","0","0","0","0","0","0","0","0","0","0",,"0"
"Lopes, Tim",621005,2019,"6","3","0","0","0","0","1","0","0","6","0","0",,"1"
"Brosseau, Mike",670712,2019,"1","0","0","0","0","0","0","1","0","1","0","0",,"1"
"Pujols, Albert",405395,2019,"3","0","0","0","0","0","1","0","0","2","1","0",,"1"
"Shaw, Chris",622046,2019,"0","0","0","0","0","0","0","0","0","0","0","0",,"0"
"Mendick, Danny",664901,2019,"0","0","0","0","0","0","0","0","0","0","0","0",,"0"
"Buehler, Walker",621111,2019,"0","0","0","0","0","0","0","0","0","0","0","0",,"0"
"Cowart, Kaleb",592230,2019,"1","0","0","0","0","0","0","0","0","1","0","0",,"0"
"Dini, Nick",664926,2019,"0","0","0","0","0","0","0","0","0","0","0","0",,"0"
"Piscotty, Stephen",572039,2019,"2","0","0","0","1","0","0","0","0","2","0","0",,"0"
"Murphy, Daniel",502517,2019,"1","1","0","0","0","0","0","0","0","0","1","0",,"0"
"Morales, Kendrys",434778,2019,"0","0","0","0","0","0","0","0","0","0","0","0",,"0"
"LaMarre, Ryan",534606,2019,"1","1","0","0","0","0","0","0","0","1","0","0",,"0"
"Neuse, Sheldon",641914,2019,"0","0","0","0","0","0","0","0","0","0","0","0",,"0"
"Seager, Kyle",572122,2019,"2","1","1","0","1","0","0","0","0","2","0","0",,"0"
"Roark, Tanner",543699,2019,"0","0","0","0","0","0","0","0","0","0","0","0",,"0"
"Cabrera, Miguel",408234,2019,"0","0","0","0","0","0","1","0","0","0","0","0",,"1"
"Wynns, Austin",642851,2019,"0","0","0","0","0","0","0","0","0","0","0","0",,"0"
"Puello, César",527049,2019,"0","0","0","0","0","0","0","0","0","0","0","0",,"0"
"Jiménez, Eloy",650391,2019,"0","0","0","0","2","0","0","0","0","0","0","0",,"0"
"Lamb, Jake",571875,2019,"1","0","0","0","0","0","0","0","0","1","0","0",,"0"
"Avila, Alex",488671,2019,"1","0","0","0","1","0","0","0","0","1","0","0",,"0"
"Alford, Anthony",546990,2019,"2","0","0","0","0","0","0","0","0","2","0","0",,"0"
"Fraley, Jake",641584,2019,"0","0","0","0","0","0","0","0","0","0","0","0",,"0"
"Vogt, Stephen",519390,2019,"3","1","0","0","0","0","0","0","0","3","0","0",,"0"
"Benintendi, Andrew",643217,2019,"10","2","1","0","0","0","0","0","0","9","1","0",,"0"
"Heredia, Guillermo",628338,2019,"2","1","0","1","0","0","2","0","1","2","0","0",,"3"
"Duvall, Adam",594807,2019,"0","0","0","0","0","0","0","0","0","0","0","0",,"0"
"Grossman, Robbie",543257,2019,"9","4","0","0","0","0","0","0","0","9","0","0",,"0"
"Gonsolin, Tony",664062,2019,"0","0","0","0","0","0","0","0","0","0","0","0",,"0"
"Estrada, Thairo",642731,2019,"4","0","0","0","0","0","0","0","0","4","0","0",,"0"
"Zimmer, Bradley",605548,2019,"0","0","0","0","0","0","0","0","0","0","0","0",,"0"
"Collins, Zack",641470,2019,"0","0","0","0","0","0","0","0","0","0","0","0",,"0"
"Musgrove, Joe",605397,2019,"0","0","0","0","0","0","0","0","0","0","0","0",,"0"
"Martin, Jason",641829,2019,"2","0","0","0","0","0","0","0","0","2","0","0",,"0"
"Naquin, Tyler",571980,2019,"4","2","0","0","0","0","0","0","0","4","0","0",,"0"
"Toro, Abraham",647351,2019,"1","1","0","0","0","0","0","0","0","1","0","0",,"0"
"McKay, Brendan",656713,2019,"0","0","0","0","0","0","0","1","0","0","0","0",,"1"
"Freitas, David",571679,2019,"0","0","0","0","0","0","0","0","0","0","0","0",,"0"
"Shaw, Travis",543768,2019,"0","0","0","0","0","0","0","0","0","0","0","0",,"0"
"Gore, Terrance",605253,2019,"13","3","1","1","0","0","2","0","0","9","4","0",,"2"
"Vargas, Jason",450306,2019,"0","0","0","0","0","0","0","0","0","0","0","0",,"0"
"Duda, Lucas",446263,2019,"0","0","0","0","0","0","0","0","0","0","0","0",,"0"
"Tatis Jr., Fernando",665487,2019,"16","6","0","0","1","0","1","0","0","13","3","0",,"1"
"Pérez, Michael",605421,2019,"0","0","0","0","0","0","0","0","0","0","0","0",,"0"
"Frazier, Todd",453943,2019,"1","2","0","0","1","0","0","0","0","1","0","0",,"0"
"Dyson, Jarrod",502481,2019,"30","3","1","0","1","0","1","0","0","28","2","0",,"1"
"Cave, Jake",595909,2019,"0","0","0","0","0","0","0","0","0","0","0","0",,"0"
"McCann, Brian",435263,2019,"0","0","0","0","0","0","0","0","0","0","0","0",,"0"
"Freeman, Mike",502273,2019,"1","2","0","0","0","0","0","0","0","1","0","0",,"0"
"Walsh, Jared",665120,2019,"0","0","0","0","0","0","0","0","0","0","0","0",,"0"
"Thames, Eric",519346,2019,"3","2","0","0","1","0","1","0","0","3","0","0",,"1"
"Chapman, Matt",656305,2019,"1","1","0","0","0","0","0","1","0","1","0","0",,"1"
"Keuchel, Dallas",572971,2019,"0","0","0","0","0","0","0","0","0","0","0","0",,"0"
"Wilson, Bobby",435064,2019,"0","0","0","0","0","0","0","0","0","0","0","0",,"0"
"Hoerner, Nico",663538,2019,"0","0","0","0","0","0","0","0","0","0","0","0",,"0"
"Barnhart, Tucker",571466,2019,"1","0","0","0","0","0","0","0","0","1","0","0",,"0"
"Greinke, Zack",425844,2019,"1","1","0","0","0","0","1","0","0","1","0","0",,"1"
"Toussaint, Touki",657053,2019,"0","0","0","0","0","0","0","0","0","0","0","0",,"0"
"Hechavarría, Adeiny",588751,2019,"3","1","0","0","0","0","0","0","0","3","0","0",,"0"
"Aquino, Aristides",606157,2019,"7","0","0","0","0","0","0","0","0","7","0","0",,"0"
"Machado, Manny",592518,2019,"5","3","0","0","3","0","1","0","0","3","2","0",,"1"
"Abreu, José",547989,2019,"2","1","0","1","0","0","1","0","0","1","1","0",,"1"
"Pence, Hunter",452254,2019,"6","1","0","0","0","0","1","0","0","6","0","0",,"1"
"Martin, Russell",431145,2019,"1","0","0","0","1","0","0","0","0","1","0","0",,"0"
"Chavis, Michael",656308,2019,"2","1","0","0","0","0","0","0","0","2","0","0",,"0"
"Verdugo, Alex",657077,2019,"4","1","0","0","1","0","0","0","0","3","1","0",,"0"
"Conforto, Michael",624424,2019,"7","2","0","0","0","0","0","0","0","7","0","0",,"0"
"Gurriel Jr., Yuli",493329,2019,"5","2","1","0","3","0","0","1","0","5","0","0",,"1"
"Chirinos, Robinson",455139,2019,"1","1","0","1","0","0","1","0","0","1","0","0",,"1"
"Marisnick, Jake",545350,2019,"10","3","0","0","0","0","0","0","0","10","0","0",,"0"
"Lyles, Jordan",543475,2019,"0","0","0","0","0","0","0","0","0","0","0","0",,"0"
"Polanco, Gregory",570256,2019,"3","1","0","0","0","0","1","0","0","3","0","0",,"1"
"Cordell, Ryan",641477,2019,"3","1","0","0","0","0","0","0","0","3","0","0",,"0"
"Díaz, Isan",656371,2019,"0","2","0","1","0","0","0","0","0","0","0","0",,"0"
"White, Tyler",643603,2019,"0","0","0","0","0","0","0","0","0","0","0","0",,"0"
"Wainwright, Adam",425794,2019,"0","0","0","0","0","0","0","0","0","0","0","0",,"0"
"Zimmerman, Ryan",475582,2019,"0","0","0","0","1","0","0","0","0","0","0","0",,"0"
"Heineman, Tyler",623168,2019,"0","0","0","0","0","0","0","0","0","0","0","0",,"0"
"Bolt, Skye",621450,2019,"0","0","0","0","0","0","0","0","0","0","0","0",,"0"
"Minor, Mike",501985,2019,"0","0","0","0","0","0","0","0","0","0","0","0",,"0"
"Senzatela, Antonio",622608,2019,"0","0","0","0","0","0","0","0","0","0","0","0",,"0"
"Yastrzemski, Mike",573262,2019,"2","2","2","0","0","0","0","0","0","2","0","0",,"0"
"Narváez, Omar",553882,2019,"0","0","0","0","0","0","0","0","0","0","0","0",,"0"
"Hellickson, Jeremy",476451,2019,"0","0","0","0","0","0","0","0","0","0","0","0",,"0"
"Lowe, Nathaniel",663993,2019,"0","0","0","0","0","0","0","0","0","0","0","0",,"0"
"Nola, Austin",543592,2019,"1","0","0","0","1","0","0","0","0","1","0","0",,"0"
"Cordero, Franchy",614173,2019,"1","0","0","0","0","0","0","0","0","1","0","0",,"0"
"Beede, Tyler",595881,2019,"0","0","0","0","0","0","0","0","0","0","0","0",,"0"
"Garcia, Leury",544725,2019,"15","5","0","0","2","0","0","0","0","13","2","0",,"0"
"Fedde, Erick",607200,2019,"0","0","0","0","0","0","0","0","0","0","0","0",,"0"
"Bour, Justin",571506,2019,"0","0","0","0","0","0","0","0","0","0","0","0",,"0"
"Dean, Austin",621573,2019,"0","2","0","0","0","0","0","0","0","0","0","0",,"0"
"Smyly, Drew",592767,2019,"0","0","0","0","0","0","0","0","0","0","0","0",,"0"
"Piña, Manny",444489,2019,"0","0","0","0","0","0","0","0","0","0","0","0",,"0"
"Strange-Gordon, Dee",543829,2019,"22","4","1","0","1","0","1","0","0","21","1","0",,"1"
"O'Neill, Tyler",641933,2019,"1","0","0","0","0","0","0","0","0","1","0","0",,"0"
"deGrom, Jacob",594798,2019,"0","0","0","0","0","0","0","0","0","0","0","0",,"0"
"Laureano, Ramón",657656,2019,"13","2","0","0","0","0","1","0","0","10","3","0",,"1"
"Wisdom, Patrick",621550,2019,"0","0","0","0","1","0","0","0","0","0","0","0",,"0"
"Higashioka, Kyle",543309,2019,"0","0","0","0","0","0","0","0","0","0","0","0",,"0"
"Wheeler, Zack",554430,2019,"0","0","0","0","0","0","0","0","0","0","0","0",,"0"
"Kendrick III, Howie",435062,2019,"2","1","0","0","0","0","0","0","0","2","0","0",,"0"
"Gordon, Alex",460086,2019,"5","3","0","0","2","0","1","0","0","4","1","0",,"1"
"Ramirez, Hanley",434670,2019,"0","0","0","0","0","0","0","0","0","0","0","0",,"0"
"Markakis, Nick",455976,2019,"2","0","0","0","0","0","0","0","0","2","0","0",,"0"
"Wood, Alex",622072,2019,"0","0","0","0","0","0","0","0","0","0","0","0",,"0"
"Tauchman, Mike",643565,2019,"6","0","0","0","1","0","0","0","0","5","1","0",,"0"
"Elmore, Jake",518653,2019,"0","1","0","0","0","0","0","0","0","0","0","0",,"0"
"Culberson, Charlie",518586,2019,"0","1","0","0","0","0","0","0","0","0","0","0",,"0"
"Ramírez, Harold",623912,2019,"2","1","0","0","0","0","1","0","0","1","1","0",,"1"
"Mancini III, Trey",641820,2019,"1","0","0","0","1","0","0","0","0","1","0","0",,"0"
"Braun, Ryan",460075,2019,"11","0","1","0","3","0","0","0","0","8","3","0",,"0"
"Kershaw, Clayton",477132,2019,"0","0","0","0","0","0","0","0","0","0","0","0",,"0"
"Zavala, Seby",664874,2019,"0","0","0","0","0","0","0","0","0","0","0","0",,"0"
"Garcia, Greg",594824,2019,"0","2","0","0","0","0","1","0","0","0","0","0",,"1"
"Schwarber, Kyle",656941,2019,"2","3","0","0","2","0","0","1","0","0","2","0",,"1"
"Trout, Mike",545361,2019,"11","2","0","0","2","0","0","0","0","9","2","0",,"0"
"Castillo, Luis",622491,2019,"0","0","0","0","0","0","0","0","0","0","0","0",,"0"
"Walton, Donovan",622268,2019,"0","1","0","0","0","0","0","0","0","0","0","0",,"0"
"Davis, Jonathan",641505,2019,"3","1","0","0","0","0","0","0","0","3","0","0",,"0"
"DeJong, Paul",657557,2019,"9","5","0","0","1","0","0","0","0","8","1","0",,"0"
"Peralta, Freddy",642547,2019,"0","0","0","0","0","0","0","0","0","0","0","0",,"0"
"Owings, Chris",572008,2019,"5","2","0","0","1","0","0","0","0","3","1","1",,"0"
"Darvish, Yu",506433,2019,"0","0","0","0","0","0","0","0","0","0","0","0",,"0"
"López, Pablo",641154,2019,"0","0","0","0","0","0","0","0","0","0","0","0",,"0"
"Lagares, Juan",501571,2019,"4","1","0","0","0","0","0","1","0","4","0","0",,"1"
"Kratz, Erik",456124,2019,"0","0","0","0","0","0","0","0","0","0","0","0",,"0"
"Sanchez, Adrián",506703,2019,"0","0","0","0","0","0","0","0","0","0","0","0",,"0"
"Bote, David",623520,2019,"5","1","0","0","1","0","1","1","0","5","0","0",,"2"
"Arraez, Luis",650333,2019,"2","2","0","0","0","0","0","0","0","1","1","0",,"0"
"McGuire, Reese",624512,2019,"0","0","0","0","0","0","0","0","0","0","0","0",,"0"
"Martini, Nick",605361,2019,"0","0","0","0","0","0","0","0","0","0","0","0",,"0"
"Márquez, Germán",608566,2019,"0","0","0","0","0","0","0","0","0","0","0","0",,"0"
"Ohtani, Shohei",660271,2019,"12","3","0","0","1","0","0","0","0","12","0","0",,"0"
"Jones, Adam",430945,2019,"2","1","0","0","0","0","0","0","0","2","0","0",,"0"
"Lewis, Kyle",641786,2019,"0","0","0","0","0","0","0","0","0","0","0","0",,"0"
"Gamel, Ben",592325,2019,"2","2","0","0","0","0","0","0","0","2","0","0",,"0"
"Lugo, Dawel",608475,2019,"0","0","0","0","0","0","0","0","0","0","0","0",,"0"
"Ponce de Leon, Daniel",594965,2019,"0","0","0","0","0","0","0","0","0","0","0","0",,"0"
"Flores, Wilmer",527038,2019,"0","0","0","0","0","0","0","1","0","0","0","0",,"1"
"Berti, Jon",542932,2019,"17","3","0","0","0","0","2","0","0","14","3","0",,"2"
"Gonzalez, Marwin",503556,2019,"1","0","0","0","0","0","0","0","0","1","0","0",,"0"
"Pirela, José",517369,2019,"0","0","0","0","0","0","0","0","0","0","0","0",,"0"
"Rodríguez, Dereck",605446,2019,"0","0","0","0","0","0","0","0","0","0","0","0",,"0"
"Lamet, Dinelson",659275,2019,"0","0","0","0","0","0","0","0","0","0","0","0",,"0"
"Agrazal, Dario",642607,2019,"0","0","0","0","0","0","0","0","0","0","0","0",,"0"
"Ross, Joe",605452,2019,"0","0","0","0","0","0","0","0","0","0","0","0",,"0"
"Matz, Steven",571927,2019,"0","0","0","0","0","0","0","0","0","0","0","0",,"0"
"Kemp, Matt",461314,2019,"0","0","0","0","0","0","0","0","0","0","0","0",,"0"
"Blandino, Alex",607468,2019,"0","0","0","0","0","0","0","0","0","0","0","0",,"0"
"Leyba, Domingo",642736,2019,"0","0","0","0","0","0","0","0","0","0","0","0",,"0"
"Dickerson, Corey",572816,2019,"1","0","0","0","2","0","0","0","0","1","0","0",,"0"
"Sisco, Chance",642082,2019,"0","1","0","0","0","0","0","0","0","0","0","0",,"0"
"Hudson, Dakota",641712,2019,"0","0","0","0","0","0","0","0","0","0","0","0",,"0"
"Núñez, Renato",600524,2019,"1","1","0","0","0","0","0","0","1","1","0","0",,"1"
"Luplow, Jordan",656669,2019,"3","2","0","0","1","0","1","0","0","2","1","0",,"1"
"Gonzalez, Gio",461829,2019,"0","0","0","0","0","0","0","0","0","0","0","0",,"0"
"Myers, Wil",571976,2019,"16","7","0","0","0","0","2","1","0","16","0","0",,"3"
"Severino, Pedro",600474,2019,"3","1","0","0","0","0","0","0","0","2","1","0",,"0"
"Lavarnway, Ryan",543432,2019,"0","0","0","0","0","0","0","0","0","0","0","0",,"0"
"Peterson, Jace",607054,2019,"4","0","0","1","0","0","0","0","0","4","0","0",,"0"
"Alcantara, Sandy",645261,2019,"0","0","0","0","0","0","0","0","0","0","0","0",,"0"
"Arozarena, Randy",668227,2019,"2","1","0","0","0","0","0","0","0","2","0","0",,"0"
"Maile, Luke",571912,2019,"1","0","0","0","1","0","0","0","0","1","0","0",,"0"
"Grichuk, Randal",545341,2019,"2","1","0","0","0","0","1","0","0","2","0","0",,"1"
"Wong, Kolten",543939,2019,"24","3","1","0","0","0","1","0","0","23","1","0",,"1"
"France, Ty",664034,2019,"0","2","0","0","0","0","0","0","0","0","0","0",,"0"
"Gray, Sonny",543243,2019,"0","0","0","0","0","0","0","0","0","0","0","0",,"0"
"Jansen, Danny",643376,2019,"0","1","0","0","1","0","1","0","0","0","0","0",,"1"
"Kramer, Kevin",596012,2019,"0","1","0","0","0","0","0","0","0","0","0","0",,"0"
"Molina, Yadier",425877,2019,"6","0","0","0","2","0","0","0","0","4","2","0",,"0"
"Rosario, Eddie",592696,2019,"3","1","0","0","1","0","0","0","0","3","0","0",,"0"
"Renfroe, Hunter",592669,2019,"5","0","0","0","0","0","0","0","0","5","0","0",,"0"
"Wieters, Matt",446308,2019,"1","1","0","0","0","0","0","1","0","1","0","0",,"1"
"Lux, Gavin",666158,2019,"2","0","0","0","0","0","0","0","0","2","0","0",,"0"
"Reddick, Josh",502210,2019,"5","2","0","0","1","0","0","0","0","3","2","0",,"0"
"Aguilar, Jesús",542583,2019,"0","0","0","0","0","0","0","0","0","0","0","0",,"0"
"Russell, Addison",608365,2019,"2","0","0","0","1","0","0","0","0","2","0","0",,"0"
"Holaday, Bryan",592407,2019,"0","1","0","0","0","0","0","0","0","0","0","0",,"0"
"Taylor, Michael A.",572191,2019,"6","0","0","0","0","0","0","0","0","4","2","0",,"0"
"Phegley, Josh",572033,2019,"0","1","0","0","0","0","0","0","0","0","0","0",,"0"
"Rodríguez, Ronny",500135,2019,"3","1","0","0","1","0","0","0","0","3","0","0",,"0"
"Adams, Matt",571431,2019,"0","0","0","0","0","0","0","0","0","0","0","0",,"0"
"Hill, Rich",448179,2019,"0","0","0","0","0","0","0","0","0","0","0","0",,"0"
"Joyce, Matt",459964,2019,"0","0","0","0","0","0","0","0","0","0","0","0",,"0"
"Reyes, Franmil",614177,2019,"0","0","0","0","0","0","0","0","1","0","0","0",,"1"
"McCutchen, Andrew",457705,2019,"2","1","0","0","2","0","0","0","0","1","1","0",,"0"
"Martin, Leonys",547982,2019,"4","4","1","0","0","0","1","0","0","3","0","1",,"1"
"Freeland, Kyle",607536,2019,"0","0","0","0","0","0","0","0","0","0","0","0",,"0"
"Sandoval, Pablo",467055,2019,"1","0","0","0","0","0","0","0","0","0","1","0",,"0"
"Parker, Jarrett",592620,2019,"0","0","0","0","0","0","0","0","0","0","0","0",,"0"
"Peterson, Dustin",640460,2019,"1","0","0","0","0","0","0","0","0","1","0","0",,"0"
"Betts, Mookie",605141,2019,"16","3","0","0","0","0","0","0","0","15","1","0",,"0"
"Edman, Tommy",669242,2019,"15","0","1","0","0","0","0","0","0","12","3","0",,"0"
"Simmons, Andrelton",592743,2019,"10","2","0","0","1","0","0","0","0","10","0","0",,"0"
"Guzmán, Ronald",608597,2019,"1","1","1","0","0","0","1","0","0","1","0","0",,"1"
"Gale, Rocky",502570,2019,"0","0","0","0","0","0","0","0","0","0","0","0",,"0"
"Adames, Cristhian",542436,2019,"0","0","0","0","0","0","0","0","0","0","0","0",,"0"
"Gosselin, Phil",594838,2019,"0","0","0","0","0","0","0","0","0","0","0","0",,"0"
"Hernández, Marco",593523,2019,"1","2","0","0","0","0","0","0","0","1","0","0",,"0"
"Gregorius, Didi",544369,2019,"2","1","0","0","1","0","1","0","0","2","0","0",,"1"
"Holt, Brock",571788,2019,"1","0","0","0","0","0","0","0","0","1","0","0",,"0"
"Dubón, Mauricio",643289,2019,"3","1","0","0","0","0","1","0","0","2","1","0",,"1"
"Cuthbert, Cheslor",596144,2019,"1","0","0","0","0","0","0","0","0","1","0","0",,"0"
"Semien, Marcus",543760,2019,"10","7","1","0","4","0","2","0","0","8","2","0",,"2"
"VanMeter, Josh",642165,2019,"9","2","1","0","0","0","0","0","0","8","1","0",,"0"
"Graterol, Juan",492802,2019,"0","0","0","0","0","0","0","0","0","0","0","0",,"0"
"Hoffman, Jeff",656546,2019,"0","0","0","0","0","0","0","0","0","0","0","0",,"0"
"Díaz, Aledmys",649557,2019,"2","0","0","0","1","0","0","0","0","2","0","0",,"0"
"Canó, Robinson",429664,2019,"0","0","0","0","0","0","0","0","0","0","0","0",,"0"
"Cozart, Zack",446359,2019,"0","0","0","0","0","0","0","0","0","0","0","0",,"0"
"Story, Trevor",596115,2019,"23","8","0","0","3","0","6","0","0","21","2","0",,"6"
"Thomas, Lane",657041,2019,"1","1","0","0","0","0","0","0","0","1","0","0",,"0"
"Locastro, Tim",641796,2019,"17","0","0","0","1","0","0","0","0","17","0","0",,"0"
"Duffy, Matt",622110,2019,"0","0","0","1","0","0","1","0","1","0","0","0",,"2"
"Palka, Daniel",594953,2019,"0","1","0","0","0","0","0","0","0","0","0","0",,"0"
"Wade Jr., LaMonte",664774,2019,"0","1","0","0","0","0","1","0","0","0","0","0",,"1"
"Casali, Curt",592200,2019,"0","0","0","0","0","0","0","0","0","0","0","0",,"0"
"Cruz Jr., Nelson",443558,2019,"0","1","0","0","0","0","1","0","0","0","0","0",,"1"
"Strasburg, Stephen",544931,2019,"0","0","0","0","0","0","0","0","0","0","0","0",,"0"
"Corbin, Patrick",571578,2019,"0","0","0","0","0","0","0","0","0","0","0","0",,"0"
"Happ, Ian",664023,2019,"2","0","0","0","0","0","0","0","0","2","0","0",,"0"
"Dietrich, Derek",518618,2019,"1","1","0","0","1","0","0","0","0","1","0","0",,"0"
"Rendon, Anthony",543685,2019,"5","1","0","0","0","0","0","0","0","4","0","1",,"0"
"Torreyes, Ronald",591720,2019,"1","0","0","0","0","0","0","0","0","1","0","0",,"0"
"Sierra, Magneuris",642423,2019,"3","2","0","1","0","0","0","0","0","2","1","0",,"0"
"Sánchez, Gary",596142,2019,"0","1","0","0","0","0","0","1","1","0","0","0",,"2"
"Santana, Danny",542454,2019,"21","5","1","0","1","0","1","1","0","19","2","0",,"2"
"Taillon, Jameson",592791,2019,"0","0","0","0","0","0","0","0","0","0","0","0",,"0"
"Upton, Justin",457708,2019,"1","1","0","0","0","0","1","0","0","1","0","0",,"1"
"Caratini, Victor",605170,2019,"1","0","0","0","1","0","0","0","0","1","0","0",,"0"
"Mullins II, Cedric",656775,2019,"1","0","0","0","0","0","0","0","0","1","0","0",,"0"
"Longoria, Evan",446334,2019,"3","0","1","0","0","0","0","0","0","2","1","0",,"0"
"Torrens, Luis",620443,2019,"0","0","0","0","0","0","0","0","0","0","0","0",,"0"
"Heineman, Scott",595981,2019,"1","1","1","0","0","0","0","0","0","1","0","0",,"0"
"Mejias-Brean, Seth",623180,2019,"0","0","0","0","0","0","0","0","0","0","0","0",,"0"
"Frazier, Clint",640449,2019,"1","2","0","0","0","0","0","0","0","1","0","0",,"0"
"Phillips, Brett",621433,2019,"3","0","0","0","0","0","1","0","0","2","1","0",,"1"
"Cervelli, Francisco",465041,2019,"1","0","0","0","0","0","0","0","0","1","0","0",,"0"
"Lopez, Nicky",670032,2019,"1","0","0","1","1","0","1","0","1","0","1","0",,"2"
"Flaherty, Jack",656427,2019,"1","0","1","0","0","0","1","1","0","1","0","0",,"2"
"Altuve, Jose",514888,2019,"6","4","1","0","0","0","1","0","0","4","2","0",,"1"
"Lindor, Francisco",596019,2019,"22","3","1","1","0","0","1","0","0","18","4","0",,"1"
"Alvarez, Yordan",670541,2019,"0","0","0","0","0","0","0","0","0","0","0","0",,"0"
"Judge, Aaron",592450,2019,"3","2","0","0","0","0","0","0","0","3","0","0",,"0"
"Gallo, Joey",608336,2019,"4","2","0","0","1","0","0","0","0","4","0","0",,"0"
"Calhoun, Willie",641432,2019,"0","0","0","0","0","0","0","0","0","0","0","0",,"0"
"Hernández, César",514917,2019,"9","1","1","0","1","0","0","0","0","8","1","0",,"0"
"Martínez, José A.",500874,2019,"3","0","0","0","0","0","0","0","0","3","0","0",,"0"
"Dahl, David",621311,2019,"4","4","0","0","0","0","1","0","0","4","0","0",,"1"
"Robertson, Daniel",621002,2019,"2","2","0","0","0","0","0","0","0","2","0","0",,"0"
"Pinder, Chad",640461,2019,"0","1","0","0","0","0","1","0","0","0","0","0",,"1"
"Spangenberg, Cory",605486,2019,"3","0","0","0","1","0","0","0","0","3","0","0",,"0"
"Keller, Brad",641745,2019,"0","0","0","0","0","0","0","0","0","0","0","0",,"0"
"DeSclafani, Anthony",543101,2019,"0","0","0","0","0","0","0","0","0","0","0","0",,"0"
"Romine, Austin",519222,2019,"1","1","0","0","0","0","0","0","0","1","0","0",,"0"
"Castro, Starlin",516770,2019,"2","2","0","0","1","0","0","0","0","2","0","0",,"0"
"Ruiz, Rio",547004,2019,"0","1","0","0","0","0","2","0","0","0","0","0",,"2"
"Chatwood, Tyler",543022,2019,"0","0","0","0","0","0","0","0","0","0","0","0",,"0"
"Smith, Will",669257,2019,"2","0","0","0","0","0","0","0","0","2","0","0",,"0"
"Crawford, Brandon",543063,2019,"3","1","1","0","3","0","0","0","0","3","0","0",,"0"
"Beckham, Tim",542921,2019,"1","2","1","0","0","0","0","1","0","1","0","0",,"1"
"Butera, Drew",460077,2019,"0","0","0","0","0","0","0","0","0","0","0","0",,"0"
"Robles, Victor",645302,2019,"28","9","0","0","1","0","3","2","0","22","6","0",,"5"
"Almora Jr., Albert",546991,2019,"2","1","0","0","2","0","2","0","0","2","0","0",,"2"
"Stevenson, Andrew",664057,2019,"0","1","0","0","0","0","0","0","0","0","0","0",,"0"
"Gausman, Kevin",592332,2019,"0","0","0","0","0","0","0","0","0","0","0","0",,"0"
"Flowers, Tyler",452095,2019,"0","0","0","0","0","0","0","0","0","0","0","0",,"0"
"Núñez, Eduardo",456488,2019,"5","1","0","0","0","0","0","1","0","3","2","0",,"1"
"Andrus, Elvis",462101,2019,"31","7","1","0","1","0","0","0","0","24","4","3",,"0"
"Pomeranz, Drew",519141,2019,"0","0","0","0","0","0","0","0","0","0","0","0",,"0"
"Forsythe, Logan",523253,2019,"2","0","0","0","1","0","1","0","0","2","0","0",,"1"
"Stamets, Eric",608715,2019,"0","0","0","0","0","0","0","0","0","0","0","0",,"0"
"Galvis, Freddy",520471,2019,"4","2","0","0","2","0","0","0","0","3","1","0",,"0"
"Dugger, Robert",667498,2019,"0","0","0","0","0","0","0","0","0","0","0","0",,"0"
"Webb, Logan",657277,2019,"0","0","0","0","0","0","0","0","0","0","0","0",,"0"
"Rodríguez, Sean",446481,2019,"1","1","0","0","0","0","0","0","0","1","0","0",,"0"
"García, Avisaíl",541645,2019,"10","4","0","0","0","0","0","0","0","10","0","0",,"0"
"Urshela, Gio",570482,2019,"1","0","1","0","0","0","0","0","0","1","0","0",,"0"
"Travis, Sam",607752,2019,"2","0","0","0","0","0","0","0","0","2","0","0",,"0"
"Hendricks, Kyle",543294,2019,"0","0","0","0","0","0","0","0","0","0","0","0",,"0"
"Devers, Rafael",646240,2019,"8","6","2","0","0","0","2","1","0","8","0","0",,"3"
"Eaton, Adam",594809,2019,"15","3","0","0","2","0","2","0","0","13","2","0",,"2"
"Polanco, Jorge",593871,2019,"4","3","0","0","1","0","1","0","0","4","0","0",,"1"
"Williamson, Mac",607776,2019,"2","1","0","0","0","0","1","0","0","2","0","0",,"1"
"Fowler, Dexter",451594,2019,"8","4","1","0","1","0","1","0","0","8","0","0",,"1"
"Jackson, Alex",656577,2019,"0","0","0","0","0","0","0","0","0","0","0","0",,"0"
"Moore, Dylan",664238,2019,"11","7","0","2","1","0","2","0","1","11","0","0",,"3"
"Odor, Rougned",596059,2019,"11","9","0","0","0","0","4","0","0","7","3","1",,"4"
"Knizner, Andrew",668800,2019,"2","0","0","0","0","0","0","0","0","1","1","0",,"0"
"Margevicius, Nick",676606,2019,"0","0","0","0","0","0","0","0","0","0","0","0",,"0"
"Bonifacio, Jorge",593528,2019,"0","0","0","0","0","0","0","0","0","0","0","0",,"0"
"Taylor, Chris",621035,2019,"8","0","0","0","0","0","0","0","0","7","1","0",,"0"
"Panik, Joe",605412,2019,"4","2","0","0","0","0","1","0","0","4","0","0",,"1"
"Bauer, Trevor",545333,2019,"0","0","0","0","0","0","0","0","0","0","0","0",,"0"
"Plawecki, Kevin",608700,2019,"0","1","0","0","1","0","0","0","0","0","0","0",,"0"
"Green, Zach",608339,2019,"0","0","0","0","0","0","0","0","0","0","0","0",,"0"
"Arcia, Orlando",606115,2019,"8","5","0","0","0","0","0","1","0","4","4","0",,"1"
"Kelly, Carson",608348,2019,"0","0","0","0","0","0","0","0","0","0","0","0",,"0"
"Gennett, Scooter",571697,2019,"0","0","0","0","0","0","1","0","0","0","0","0",,"1"
"Biggio, Cavan",624415,2019,"14","0","0","0","0","0","1","0","0","12","2","0",,"1"
"Centeno, Juan",518542,2019,"1","0","0","0","0","0","0","0","0","0","1","0",,"0"
"McMahon, Ryan",641857,2019,"5","1","0","0","1","0","2","0","0","5","0","0",,"2"
"García, Robel",596825,2019,"0","0","0","0","0","0","0","0","0","0","0","0",,"0"
"Kinsler, Ian",435079,2019,"2","2","1","1","0","0","2","0","1","2","0","0",,"3"
"Anderson, Shaun",641312,2019,"0","0","0","0","0","0","0","0","0","0","0","0",,"0"
"Federowicz, Tim",543148,2019,"1","0","0","0","0","0","0","0","0","1","0","0",,"0"
"Parra, Gerardo",467827,2019,"8","2","0","1","1","0","0","0","0","7","1","0",,"0"
"Trevino, Jose",624431,2019,"0","0","0","0","0","0","0","0","0","0","0","0",,"0"
"Stubbs, Garrett",596117,2019,"1","0","0","0","0","0","0","0","0","1","0","0",,"0"
"Brown, Seth",664913,2019,"1","0","0","0","0","0","1","0","0","1","0","0",,"1"
"Bird, Greg",595885,2019,"0","0","0","0","0","0","0","0","0","0","0","0",,"0"
"Urías, Luis",649966,2019,"0","0","1","0","0","0","0","1","0","0","0","0",,"1"
"Donaldson, Josh",518626,2019,"4","2","0","0","2","0","0","0","0","3","1","0",,"0"
"González, Chi Chi",592346,2019,"0","0","0","0","0","0","0","0","0","0","0","0",,"0"
"Wacha, Michael",608379,2019,"0","0","0","0","0","0","0","0","0","0","0","0",,"0"
"Pivetta, Nick",601713,2019,"0","0","0","0","0","0","0","0","0","0","0","0",,"0"
"Bruce, Jay",457803,2019,"1","0","0","0","0","0","0","0","0","1","0","0",,"0"
"Candelario, Jeimer",600869,2019,"3","1","0","0","3","0","0","0","0","3","0","0",,"0"
"Bemboom, Anthony",621532,2019,"0","0","0","0","0","0","0","0","0","0","0","0",,"0"
"Kemp, Tony",643393,2019,"4","4","0","0","1","0","0","0","0","4","0","0",,"0"
"Frazier, Adam",624428,2019,"5","5","0","0","0","0","2","0","0","5","0","0",,"2"
"Maldonado, Martín",455117,2019,"0","0","0","0","1","0","0","0","0","0","0","0",,"0"
"Joseph, Corban",543377,2019,"0","0","0","0","0","0","0","0","0","0","0","0",,"0"
"Smith Jr., Dwight",596105,2019,"5","1","0","0","1","0","3","0","0","3","2","0",,"3"
"Santana, Carlos",467793,2019,"4","0","0","0","1","0","0","0","0","4","0","0",,"0"
"Garlick, Kyle",664247,2019,"0","0","0","0","0","0","0","0","0","0","0","0",,"0"
"Marte, Ketel",606466,2019,"10","2","0","0","2","0","2","0","0","9","1","0",,"2"
"Morrison, Logan",489149,2019,"0","0","0","0","0","0","1","0","0","0","0","0",,"1"
"Mercado, Óscar",640458,2019,"15","4","0","0","2","0","0","0","0","13","2","0",,"0"
"Osuna, José",591741,2019,"0","0","0","0","1","0","0","0","0","0","0","0",,"0"
"Prado, Martín",445988,2019,"0","0","0","0","0","0","0","0","0","0","0","0",,"0"
"Reynolds, Bryan",668804,2019,"3","2","0","0","0","0","0","1","0","2","1","0",,"1"
"Bryant, Kris",592178,2019,"4","0","0","0","0","0","0","0","0","4","0","0",,"0"
"Heyward, Jason",518792,2019,"8","3","0","0","1","0","2","0","0","6","2","0",,"2"
"Martinez, J.D.",502110,2019,"2","0","0","0","0","0","0","0","0","2","0","0",,"0"
"Rivera, Yadiel",592680,2019,"2","0","0","0","1","0","0","0","0","2","0","0",,"0"
"Houser, Adrian",605288,2019,"0","0","0","0","0","0","0","0","0","0","0","0",,"0"
"Lambert, Peter",663567,2019,"0","0","0","0","0","0","0","0","0","0","0","0",,"0"
"Carpenter, Matt",572761,2019,"6","1","0","0","0","0","1","0","0","4","2","0",,"1"
"Marte, Starling",516782,2019,"25","6","0","0","0","0","4","0","0","22","3","0",,"4"
"Báez, Javier",595879,2019,"11","4","2","1","0","0","0","1","1","8","3","0",,"2"
"Hamilton, Billy",571740,2019,"22","6","0","0","0","0","4","1","0","18","4","0",,"5"
"Keller, Mitch",656605,2019,"0","0","0","0","0","0","0","0","0","0","0","0",,"0"
"Nido, Tomás",621512,2019,"0","0","0","0","0","0","0","0","0","0","0","0",,"0"
"Astudillo, Willians",553902,2019,"0","0","0","0","0","0","0","0","0","0","0","0",,"0"
"Tucker, Kyle",663656,2019,"5","0","0","0","0","0","1","0","0","4","1","0",,"1"
"McNeil, Jeff",643446,2019,"5","5","0","1","2","0","0","0","0","4","1","0",,"0"
"Thaiss, Matt",642136,2019,"0","0","0","0","0","0","0","0","0","0","0","0",,"0"
"Ozuna, Marcell",542303,2019,"12","2","0","0","0","0","1","0","0","8","4","0",,"1"
"Hiura, Keston",669374,2019,"9","2","0","1","0","0","0","0","1","6","3","0",,"1"
"Pham, Tommy",502054,2019,"25","3","1","0","0","0","4","0","0","18","7","0",,"4"
"Gutiérrez, Kelvin",642721,2019,"1","0","0","0","0","0","0","0","0","1","0","0",,"0"
"Mills, Alec",621219,2019,"0","0","0","0","0","0","0","0","0","0","0","0",,"0"
"Margot, Manuel",622534,2019,"20","3","1","0","2","0","2","0","0","15","4","1",,"2"
"Riley, Austin",663586,2019,"0","2","0","0","0","0","0","0","0","0","0","0",,"0"
"LeMahieu, DJ",518934,2019,"5","2","0","0","0","0","2","0","0","4","1","0",,"2"
"Smith, Dominic",642086,2019,"1","2","0","0","0","0","1","0","0","1","0","0",,"1"
"Williams, Trevor",592866,2019,"0","0","0","0","0","0","0","0","0","0","0","0",,"0"
"Adrianza, Ehire",501303,2019,"0","1","0","1","1","0","0","0","1","0","0","0",,"1"
"Voth, Austin",608723,2019,"0","0","0","0","0","0","0","0","0","0","0","0",,"0"
"La Stella, Tommy",600303,2019,"0","0","0","0","0","0","0","0","0","0","0","0",,"0"
"Bumgarner, Madison",518516,2019,"0","0","0","0","0","0","1","0","0","0","0","0",,"1"
"Sucre, Jesús",491696,2019,"0","0","0","0","0","0","0","0","0","0","0","0",,"0"
"Mondesi, Adalberto",609275,2019,"43","6","1","0","1","0","5","0","0","31","12","0",,"5"
"Zobrist, Ben",450314,2019,"0","0","0","0","0","0","0","0","0","0","0","0",,"0"
"DeShields, Delino",592261,2019,"24","5","1","0","2","0","2","0","0","20","4","0",,"2"
"Springer III, George",543807,2019,"6","2","0","0","1","0","1","0","0","5","1","0",,"1"
"Miller, Brad",543543,2019,"2","0","0","0","1","0","0","0","0","2","0","0",,"0"
"Viloria, Meibrys",650619,2019,"0","1","0","0","0","0","1","0","0","0","0","0",,"1"
"Gyorko, Jedd",576397,2019,"2","0","0","0","0","0","0","0","0","1","1","0",,"0"
"Dixon, Brandon",641525,2019,"5","1","0","0","2","0","1","0","0","5","0","0",,"1"
"Hosmer, Eric",543333,2019,"0","1","1","1","2","0","0","0","0","0","0","0",,"0"
"Bishop, Braden",623323,2019,"0","0","0","0","0","0","0","0","0","0","0","0",,"0"
"Noll, Jake",669738,2019,"0","0","0","0","0","0","0","0","0","0","0","0",,"0"
"Mayfield, Jack",608686,2019,"0","0","0","0","0","0","0","0","0","0","0","0",,"0"
"Cooper, Garrett",643265,2019,"0","0","0","0","0","0","0","0","0","0","0","0",,"0"
"Trumbo, Mark",444432,2019,"0","0","0","0","0","0","0","0","0","0","0","0",,"0"
"Ray, Robbie",592662,2019,"0","0","0","0","0","0","0","0","0","0","0","0",,"0"
"Bauers, Jake",641343,2019,"3","2","1","0","0","0","1","0","0","3","0","0",,"1"
"Strahm, Matt",621381,2019,"0","0","0","0","0","0","0","0","0","0","0","0",,"0"
"Brantley Jr., Michael",488726,2019,"3","2","0","0","0","0","0","0","0","2","1","0",,"0"
"Urías, Julio",628711,2019,"0","0","0","0","0","0","0","0","0","0","0","0",,"0"
"Castellanos, Nick",592206,2019,"2","1","1","0","3","0","0","0","0","2","0","0",,"0"
"Rojas, Josh",668942,2019,"4","2","0","0","1","0","0","0","0","4","0","0",,"0"
"Holland, Derek",502706,2019,"0","0","0","0","0","0","0","0","0","0","0","0",,"0"
"Nuñez, Dom",624513,2019,"0","0","0","0","0","0","0","0","0","0","0","0",,"0"
"Ortega, Rafael",542364,2019,"3","0","0","0","0","0","0","0","0","3","0","0",,"0"
"Torres, Gleyber",650402,2019,"5","2","0","0","0","0","0","0","0","4","1","0",,"0"
"Eflin, Zach",621107,2019,"0","0","0","0","0","0","0","0","0","0","0","0",,"0"
"Albies, Ozzie",645277,2019,"15","1","2","1","0","0","1","1","1","15","0","0",,"3"
"Suárez, Eugenio",553993,2019,"3","1","1","0","1","0","0","0","0","3","0","0",,"0"
"Bourjos, Peter",488721,2019,"2","0","0","0","0","0","0","0","0","2","0","0",,"0"
"Pollock, AJ",572041,2019,"5","1","0","0","0","0","1","0","0","5","0","0",,"1"
"Hampson, Garrett",641658,2019,"15","3","0","0","1","0","0","0","0","13","2","0",,"0"
"Schoop, Jonathan",570731,2019,"1","1","0","0","0","0","0","0","0","1","0","0",,"0"
"Williams, Nick",608384,2019,"0","0","0","0","0","0","0","0","0","0","0","0",,"0"
"Straw, Myles",664702,2019,"8","1","0","0","0","0","2","0","0","7","1","0",,"2"
"Urena, Richard",620446,2019,"0","0","0","0","0","0","0","0","0","0","0","0",,"0"
"Lorenzen, Michael",547179,2019,"5","1","1","0","0","0","0","0","0","5","0","0",,"0"
"Hedges, Austin",595978,2019,"1","0","0","0","0","0","0","0","0","1","0","0",,"0"
"Fuentes, Joshua",658069,2019,"1","0","0","0","0","0","0","0","0","0","1","0",,"0"
"Garcia, Aramis",605244,2019,"0","0","0","0","0","0","0","0","0","0","0","0",,"0"
"Ramírez, José",608070,2019,"24","3","1","0","1","0","0","1","0","22","2","0",,"1"
"Senzel, Nick",669222,2019,"14","5","0","0","0","0","3","0","0","13","1","0",,"3"
"Bellinger, Cody",641355,2019,"15","5","0","0","0","0","1","0","0","15","0","0",,"1"
"Maeda, Kenta",628317,2019,"0","0","0","0","0","0","0","0","0","0","0","0",,"0"
"Rogers, Jake",668670,2019,"0","0","0","0","0","0","1","0","0","0","0","0",,"1"
"Brinson, Lewis",621446,2019,"1","1","0","0","0","0","1","0","0","1","0","0",,"1"
"Barreto, Franklin",620439,2019,"1","0","0","0","0","0","0","0","0","1","0","0",,"0"
"Iannetta, Chris",455104,2019,"0","0","0","0","0","0","0","0","0","0","0","0",,"0"
"Starling, Bubba",605490,2019,"2","0","0","0","0","0","0","0","0","1","1","0",,"0"
"Valera, Breyvic",591971,2019,"0","0","0","0","0","0","0","0","0","0","0","0",,"0"
"Turner, Trea",607208,2019,"35","3","2","0","1","0","2","1","0","32","3","0",,"3"
"Chacín, Jhoulys",468504,2019,"0","0","0","0","0","0","0","0","0","0","0","0",,"0"
"Descalso, Daniel",518614,2019,"2","1","0","0","0","0","0","0","0","2","0","0",,"0"
"Muñoz, Yairo",622168,2019,"8","3","0","0","0","0","1","0","0","5","3","0",,"1"
"Allen, Austin",664119,2019,"0","0","0","0","0","0","0","0","0","0","0","0",,"0"
"Farmer, Kyle",571657,2019,"4","1","0","0","0","0","0","0","0","4","0","0",,"0"
"Gómez, Carlos",460576,2019,"4","1","0","0","0","0","0","0","0","4","0","0",,"0"
"Zunino, Mike",572287,2019,"0","0","0","0","1","0","0","0","0","0","0","0",,"0"
"Wade, Tyler",642180,2019,"7","0","0","0","0","0","0","0","0","4","3","0",,"0"
"Duggar, Steven",621453,2019,"1","3","1","0","0","0","2","0","0","1","0","0",,"2"
"Davis, Chris",448801,2019,"0","0","0","0","1","0","0","0","0","0","0","0",,"0"
"Cron, C.J.",543068,2019,"0","0","0","0","0","0","0","0","0","0","0","0",,"0"
"Walker, Neil",435522,2019,"3","0","0","0","0","0","0","0","0","3","0","0",,"0"
"Lucroy, Jonathan",518960,2019,"0","0","0","0","1","0","0","0","0","0","0","0",,"0"
"Zagunis, Mark",657145,2019,"0","0","0","0","1","0","0","0","0","0","0","0",,"0"
"Swanson, Dansby",621020,2019,"10","4","1","0","1","0","2","1","0","8","2","0",,"3"
"Baron, Steven",571467,2019,"0","0","0","0","0","0","0","0","0","0","0","0",,"0"
"Kiermaier, Kevin",595281,2019,"19","3","2","0","0","0","1","0","0","18","1","0",,"1"
"Cabrera, Melky",466320,2019,"2","0","0","0","0","0","0","0","0","2","0","0",,"0"